TRUNCATE TABLE t_rptd_period_type;
INSERT INTO t_rptd_period_type (c_id, c_name, c_is_enabled, c_table_suffix, c_sort_id, c_tag1, c_tag2, c_tag3, c_tag4) VALUES ('day', '日报', 1, '1h', 2, NULL, NULL, NULL, NULL);
INSERT INTO t_rptd_period_type (c_id, c_name, c_is_enabled, c_table_suffix, c_sort_id, c_tag1, c_tag2, c_tag3, c_tag4) VALUES ('halfyear', '半年报', 1, '1w', 8, NULL, NULL, NULL, NULL);
INSERT INTO t_rptd_period_type (c_id, c_name, c_is_enabled, c_table_suffix, c_sort_id, c_tag1, c_tag2, c_tag3, c_tag4) VALUES ('hour', '小时', 1, '', 1, NULL, NULL, NULL, NULL);
INSERT INTO t_rptd_period_type (c_id, c_name, c_is_enabled, c_table_suffix, c_sort_id, c_tag1, c_tag2, c_tag3, c_tag4) VALUES ('month', '月报', 1, '1d', 6, NULL, NULL, NULL, NULL);
INSERT INTO t_rptd_period_type (c_id, c_name, c_is_enabled, c_table_suffix, c_sort_id, c_tag1, c_tag2, c_tag3, c_tag4) VALUES ('quartz', '季报', 1, '1m', 7, NULL, NULL, NULL, NULL);
INSERT INTO t_rptd_period_type (c_id, c_name, c_is_enabled, c_table_suffix, c_sort_id, c_tag1, c_tag2, c_tag3, c_tag4) VALUES ('week', '周报', 1, '1d', 5, NULL, NULL, NULL, NULL);
INSERT INTO t_rptd_period_type (c_id, c_name, c_is_enabled, c_table_suffix, c_sort_id, c_tag1, c_tag2, c_tag3, c_tag4) VALUES ('year', '年报', 1, '1m', 10, NULL, NULL, NULL, NULL);


TRUNCATE TABLE t_rptd_data_type;
INSERT INTO t_rptd_data_type (c_id, c_name, c_sort_id, c_tag1, c_tag2, c_tag3, c_tag4) VALUES ('bigDecimal', 'bigDecimal', 1, NULL, NULL, NULL, NULL);
INSERT INTO t_rptd_data_type (c_id, c_name, c_sort_id, c_tag1, c_tag2, c_tag3, c_tag4) VALUES ('biginteger', 'biginteger', 2, NULL, NULL, NULL, NULL);
INSERT INTO t_rptd_data_type (c_id, c_name, c_sort_id, c_tag1, c_tag2, c_tag3, c_tag4) VALUES ('boolean', 'boolean', NULL, NULL, NULL, NULL, NULL);
INSERT INTO t_rptd_data_type (c_id, c_name, c_sort_id, c_tag1, c_tag2, c_tag3, c_tag4) VALUES ('byte', 'byte', 3, NULL, NULL, NULL, NULL);
INSERT INTO t_rptd_data_type (c_id, c_name, c_sort_id, c_tag1, c_tag2, c_tag3, c_tag4) VALUES ('date', 'date', 4, NULL, NULL, NULL, NULL);
INSERT INTO t_rptd_data_type (c_id, c_name, c_sort_id, c_tag1, c_tag2, c_tag3, c_tag4) VALUES ('dateyeartominute', 'dateyeartominute', 10, NULL, NULL, NULL, NULL);
INSERT INTO t_rptd_data_type (c_id, c_name, c_sort_id, c_tag1, c_tag2, c_tag3, c_tag4) VALUES ('dateyeartosecond', 'dateyeartosecond', 11, NULL, NULL, NULL, NULL);
INSERT INTO t_rptd_data_type (c_id, c_name, c_sort_id, c_tag1, c_tag2, c_tag3, c_tag4) VALUES ('double', 'double', NULL, NULL, NULL, NULL, NULL);
INSERT INTO t_rptd_data_type (c_id, c_name, c_sort_id, c_tag1, c_tag2, c_tag3, c_tag4) VALUES ('float', 'float', NULL, NULL, NULL, NULL, NULL);
INSERT INTO t_rptd_data_type (c_id, c_name, c_sort_id, c_tag1, c_tag2, c_tag3, c_tag4) VALUES ('integer', 'integer', 2, NULL, NULL, NULL, NULL);
INSERT INTO t_rptd_data_type (c_id, c_name, c_sort_id, c_tag1, c_tag2, c_tag3, c_tag4) VALUES ('list', 'list', NULL, NULL, NULL, NULL, NULL);
INSERT INTO t_rptd_data_type (c_id, c_name, c_sort_id, c_tag1, c_tag2, c_tag3, c_tag4) VALUES ('long', 'long', NULL, NULL, NULL, NULL, NULL);
INSERT INTO t_rptd_data_type (c_id, c_name, c_sort_id, c_tag1, c_tag2, c_tag3, c_tag4) VALUES ('percentage', 'percentage', NULL, NULL, NULL, NULL, NULL);
INSERT INTO t_rptd_data_type (c_id, c_name, c_sort_id, c_tag1, c_tag2, c_tag3, c_tag4) VALUES ('short', 'short', NULL, NULL, NULL, NULL, NULL);
INSERT INTO t_rptd_data_type (c_id, c_name, c_sort_id, c_tag1, c_tag2, c_tag3, c_tag4) VALUES ('string', 'string', 1, NULL, NULL, NULL, NULL);


TRUNCATE TABLE t_rptd_display_type;
INSERT INTO t_rptd_display_type (c_id, c_name, c_class, c_sort_id, c_desc, c_config, c_tag1, c_tag2, c_tag3, c_tag4, c_create_user, c_create_time, c_modify_user, c_modify_time) VALUES ('grid_chart', '表图', NULL, 1, NULL, NULL, NULL, NULL, NULL, NULL, NULL, NULL, NULL, '2014-3-1 17:44:35');
INSERT INTO t_rptd_display_type (c_id, c_name, c_class, c_sort_id, c_desc, c_config, c_tag1, c_tag2, c_tag3, c_tag4, c_create_user, c_create_time, c_modify_user, c_modify_time) VALUES ('chart_grid', '图表', NULL, 2, NULL, NULL, NULL, NULL, NULL, NULL, NULL, NULL, NULL, '2014-3-1 17:44:32');
INSERT INTO t_rptd_display_type (c_id, c_name, c_class, c_sort_id, c_desc, c_config, c_tag1, c_tag2, c_tag3, c_tag4, c_create_user, c_create_time, c_modify_user, c_modify_time) VALUES ('grid', '表', NULL, 3, NULL, NULL, NULL, NULL, NULL, NULL, NULL, NULL, NULL, '2014-3-1 17:44:29');
INSERT INTO t_rptd_display_type (c_id, c_name, c_class, c_sort_id, c_desc, c_config, c_tag1, c_tag2, c_tag3, c_tag4, c_create_user, c_create_time, c_modify_user, c_modify_time) VALUES ('chart', '图', NULL, 4, NULL, NULL, NULL, NULL, NULL, NULL, NULL, NULL, NULL, '2014-3-1 17:44:30');



TRUNCATE TABLE t_rptd_field_map;
INSERT INTO t_rptd_field_map (c_id, c_name, c_data_type, c_unit, c_create_user, c_create_time, c_modify_user, c_modify_time, c_tag1, c_tag2, c_tag3, c_tag4) VALUES ('t_customer.c_name','客户名称','string', NULL, NULL, NULL, NULL, '2014-3-1 17:47:00', NULL, NULL, NULL, NULL);
INSERT INTO t_rptd_field_map (c_id, c_name, c_data_type, c_unit, c_create_user, c_create_time, c_modify_user, c_modify_time, c_tag1, c_tag2, c_tag3, c_tag4) VALUES ('t_pm_issue','问题建议', 'string', NULL, NULL, NULL, NULL, '2014-3-1 17:47:00', NULL, NULL, NULL, NULL);
INSERT INTO t_rptd_field_map (c_id, c_name, c_data_type, c_unit, c_create_user, c_create_time, c_modify_user, c_modify_time, c_tag1, c_tag2, c_tag3, c_tag4) VALUES ('c_id','ID', 'string', NULL, NULL, NULL, NULL, '2014-3-1 17:47:00', NULL, NULL, NULL, NULL);
INSERT INTO t_rptd_field_map (c_id, c_name, c_data_type, c_unit, c_create_user, c_create_time, c_modify_user, c_modify_time, c_tag1, c_tag2, c_tag3, c_tag4) VALUES ('c_user','用户', 'string', NULL, NULL, NULL, NULL, '2014-3-1 17:47:00', NULL, NULL, NULL, NULL);
INSERT INTO t_rptd_field_map (c_id, c_name, c_data_type, c_unit, c_create_user, c_create_time, c_modify_user, c_modify_time, c_tag1, c_tag2, c_tag3, c_tag4) VALUES ('c_date','日期', 'date', NULL, NULL, NULL, NULL, '2014-3-1 17:47:00', NULL, NULL, NULL, NULL);
INSERT INTO t_rptd_field_map (c_id, c_name, c_data_type, c_unit, c_create_user, c_create_time, c_modify_user, c_modify_time, c_tag1, c_tag2, c_tag3, c_tag4) VALUES ('c_issue','问题建议', 'string', NULL, NULL, NULL, NULL, '2014-3-1 17:47:00', NULL, NULL, NULL, NULL);
INSERT INTO t_rptd_field_map (c_id, c_name, c_data_type, c_unit, c_create_user, c_create_time, c_modify_user, c_modify_time, c_tag1, c_tag2, c_tag3, c_tag4) VALUES ('c_project_id','项目ID', 'integer', NULL, NULL, NULL, NULL, '2014-3-1 17:47:00', NULL, NULL, NULL, NULL);
INSERT INTO t_rptd_field_map (c_id, c_name, c_data_type, c_unit, c_create_user, c_create_time, c_modify_user, c_modify_time, c_tag1, c_tag2, c_tag3, c_tag4) VALUES ('c_module_id','模块', 'integer', NULL, NULL, NULL, NULL, '2014-3-1 17:47:00', NULL, NULL, NULL, NULL);
INSERT INTO t_rptd_field_map (c_id, c_name, c_data_type, c_unit, c_create_user, c_create_time, c_modify_user, c_modify_time, c_tag1, c_tag2, c_tag3, c_tag4) VALUES ('c_level','树层级', 'integer', NULL, NULL, NULL, NULL, '2014-3-1 17:47:00', NULL, NULL, NULL, NULL);
INSERT INTO t_rptd_field_map (c_id, c_name, c_data_type, c_unit, c_create_user, c_create_time, c_modify_user, c_modify_time, c_tag1, c_tag2, c_tag3, c_tag4) VALUES ('c_resolve_user','问题跟踪人/责任人', 'string', NULL, NULL, NULL, NULL, '2014-3-1 17:47:00', NULL, NULL, NULL, NULL);
INSERT INTO t_rptd_field_map (c_id, c_name, c_data_type, c_unit, c_create_user, c_create_time, c_modify_user, c_modify_time, c_tag1, c_tag2, c_tag3, c_tag4) VALUES ('c_is_resolve','是否解决', 'boolean', NULL, NULL, NULL, NULL, '2014-3-1 17:47:00', NULL, NULL, NULL, NULL);
INSERT INTO t_rptd_field_map (c_id, c_name, c_data_type, c_unit, c_create_user, c_create_time, c_modify_user, c_modify_time, c_tag1, c_tag2, c_tag3, c_tag4) VALUES ('c_resolve','解决方案', 'string', NULL, NULL, NULL, NULL, '2014-3-1 17:47:00', NULL, NULL, NULL, NULL);
INSERT INTO t_rptd_field_map (c_id, c_name, c_data_type, c_unit, c_create_user, c_create_time, c_modify_user, c_modify_time, c_tag1, c_tag2, c_tag3, c_tag4) VALUES ('c_resolve_date','解决日期', 'date', NULL, NULL, NULL, NULL, '2014-3-1 17:47:00', NULL, NULL, NULL, NULL);
INSERT INTO t_rptd_field_map (c_id, c_name, c_data_type, c_unit, c_create_user, c_create_time, c_modify_user, c_modify_time, c_tag1, c_tag2, c_tag3, c_tag4) VALUES ('c_source','问题来源', 'string', NULL, NULL, NULL, NULL, '2014-3-1 17:47:00', NULL, NULL, NULL, NULL);
INSERT INTO t_rptd_field_map (c_id, c_name, c_data_type, c_unit, c_create_user, c_create_time, c_modify_user, c_modify_time, c_tag1, c_tag2, c_tag3, c_tag4) VALUES ('c_source_id','来源标识', 'string', NULL, NULL, NULL, NULL, '2014-3-1 17:47:00', NULL, NULL, NULL, NULL);
INSERT INTO t_rptd_field_map (c_id, c_name, c_data_type, c_unit, c_create_user, c_create_time, c_modify_user, c_modify_time, c_tag1, c_tag2, c_tag3, c_tag4) VALUES ('c_attachment1','附件1', 'string', NULL, NULL, NULL, NULL, '2014-3-1 17:47:00', NULL, NULL, NULL, NULL);
INSERT INTO t_rptd_field_map (c_id, c_name, c_data_type, c_unit, c_create_user, c_create_time, c_modify_user, c_modify_time, c_tag1, c_tag2, c_tag3, c_tag4) VALUES ('c_attachment2','附件2', 'string', NULL, NULL, NULL, NULL, '2014-3-1 17:47:00', NULL, NULL, NULL, NULL);
INSERT INTO t_rptd_field_map (c_id, c_name, c_data_type, c_unit, c_create_user, c_create_time, c_modify_user, c_modify_time, c_tag1, c_tag2, c_tag3, c_tag4) VALUES ('c_attachment3','附件3', 'string', NULL, NULL, NULL, NULL, '2014-3-1 17:47:00', NULL, NULL, NULL, NULL);
INSERT INTO t_rptd_field_map (c_id, c_name, c_data_type, c_unit, c_create_user, c_create_time, c_modify_user, c_modify_time, c_tag1, c_tag2, c_tag3, c_tag4) VALUES ('c_create_user','创建用户', 'string', NULL, NULL, NULL, NULL, '2014-3-1 17:47:00', NULL, NULL, NULL, NULL);
INSERT INTO t_rptd_field_map (c_id, c_name, c_data_type, c_unit, c_create_user, c_create_time, c_modify_user, c_modify_time, c_tag1, c_tag2, c_tag3, c_tag4) VALUES ('c_create_time','创建时间', 'dateyeartominute', NULL, NULL, NULL, NULL, '2014-3-1 17:47:00', NULL, NULL, NULL, NULL);
INSERT INTO t_rptd_field_map (c_id, c_name, c_data_type, c_unit, c_create_user, c_create_time, c_modify_user, c_modify_time, c_tag1, c_tag2, c_tag3, c_tag4) VALUES ('c_modify_user','修改用户', 'string', NULL, NULL, NULL, NULL, '2014-3-1 17:47:00', NULL, NULL, NULL, NULL);
INSERT INTO t_rptd_field_map (c_id, c_name, c_data_type, c_unit, c_create_user, c_create_time, c_modify_user, c_modify_time, c_tag1, c_tag2, c_tag3, c_tag4) VALUES ('c_modify_time','修改时间', 'dateyeartominute', NULL, NULL, NULL, NULL, '2014-3-1 17:47:00', NULL, NULL, NULL, NULL);
INSERT INTO t_rptd_field_map (c_id, c_name, c_data_type, c_unit, c_create_user, c_create_time, c_modify_user, c_modify_time, c_tag1, c_tag2, c_tag3, c_tag4) VALUES ('c_config','扩展信息', 'string', NULL, NULL, NULL, NULL, '2014-3-1 17:47:00', NULL, NULL, NULL, NULL);
INSERT INTO t_rptd_field_map (c_id, c_name, c_data_type, c_unit, c_create_user, c_create_time, c_modify_user, c_modify_time, c_tag1, c_tag2, c_tag3, c_tag4) VALUES ('c_tag1','冗余字段1', 'string', NULL, NULL, NULL, NULL, '2014-3-1 17:47:00', NULL, NULL, NULL, NULL);
INSERT INTO t_rptd_field_map (c_id, c_name, c_data_type, c_unit, c_create_user, c_create_time, c_modify_user, c_modify_time, c_tag1, c_tag2, c_tag3, c_tag4) VALUES ('c_tag2','冗余字段2', 'string', NULL, NULL, NULL, NULL, '2014-3-1 17:47:00', NULL, NULL, NULL, NULL);
INSERT INTO t_rptd_field_map (c_id, c_name, c_data_type, c_unit, c_create_user, c_create_time, c_modify_user, c_modify_time, c_tag1, c_tag2, c_tag3, c_tag4) VALUES ('c_tag3','冗余字段3', 'string', NULL, NULL, NULL, NULL, '2014-3-1 17:47:00', NULL, NULL, NULL, NULL);
INSERT INTO t_rptd_field_map (c_id, c_name, c_data_type, c_unit, c_create_user, c_create_time, c_modify_user, c_modify_time, c_tag1, c_tag2, c_tag3, c_tag4) VALUES ('c_tag4','冗余字段4', 'string', NULL, NULL, NULL, NULL, '2014-3-1 17:47:00', NULL, NULL, NULL, NULL);
INSERT INTO t_rptd_field_map (c_id, c_name, c_data_type, c_unit, c_create_user, c_create_time, c_modify_user, c_modify_time, c_tag1, c_tag2, c_tag3, c_tag4) VALUES ('t_sys_group_user_rel','用户和分组关系表', 'string', NULL, NULL, NULL, NULL, '2014-3-1 17:47:00', NULL, NULL, NULL, NULL);
INSERT INTO t_rptd_field_map (c_id, c_name, c_data_type, c_unit, c_create_user, c_create_time, c_modify_user, c_modify_time, c_tag1, c_tag2, c_tag3, c_tag4) VALUES ('c_group_id','分组ID', 'string', NULL, NULL, NULL, NULL, '2014-3-1 17:47:00', NULL, NULL, NULL, NULL);
INSERT INTO t_rptd_field_map (c_id, c_name, c_data_type, c_unit, c_create_user, c_create_time, c_modify_user, c_modify_time, c_tag1, c_tag2, c_tag3, c_tag4) VALUES ('c_user_id','用户ID', 'integer', NULL, NULL, NULL, NULL, '2014-3-1 17:47:00', NULL, NULL, NULL, NULL);
INSERT INTO t_rptd_field_map (c_id, c_name, c_data_type, c_unit, c_create_user, c_create_time, c_modify_user, c_modify_time, c_tag1, c_tag2, c_tag3, c_tag4) VALUES ('t_rpt_def_period','报表定义周期', 'string', NULL, NULL, NULL, NULL, '2014-3-1 17:47:00', NULL, NULL, NULL, NULL);
INSERT INTO t_rptd_field_map (c_id, c_name, c_data_type, c_unit, c_create_user, c_create_time, c_modify_user, c_modify_time, c_tag1, c_tag2, c_tag3, c_tag4) VALUES ('c_rpt_def_id','报表定义', 'string', NULL, NULL, NULL, NULL, '2014-3-1 17:47:00', NULL, NULL, NULL, NULL);
INSERT INTO t_rptd_field_map (c_id, c_name, c_data_type, c_unit, c_create_user, c_create_time, c_modify_user, c_modify_time, c_tag1, c_tag2, c_tag3, c_tag4) VALUES ('c_period_type_id','周期类型', 'string', NULL, NULL, NULL, NULL, '2014-3-1 17:47:00', NULL, NULL, NULL, NULL);
INSERT INTO t_rptd_field_map (c_id, c_name, c_data_type, c_unit, c_create_user, c_create_time, c_modify_user, c_modify_time, c_tag1, c_tag2, c_tag3, c_tag4) VALUES ('c_table_name','sql中数据表名后缀', 'string', NULL, NULL, NULL, NULL, '2014-3-1 17:47:00', NULL, NULL, NULL, NULL);
INSERT INTO t_rptd_field_map (c_id, c_name, c_data_type, c_unit, c_create_user, c_create_time, c_modify_user, c_modify_time, c_tag1, c_tag2, c_tag3, c_tag4) VALUES ('c_table_suffix','数据表名后缀，如_xx，替换为1h,6h,1d,1w,', 'string', NULL, NULL, NULL, NULL, '2014-3-1 17:47:00', NULL, NULL, NULL, NULL);
INSERT INTO t_rptd_field_map (c_id, c_name, c_data_type, c_unit, c_create_user, c_create_time, c_modify_user, c_modify_time, c_tag1, c_tag2, c_tag3, c_tag4) VALUES ('t_pm_daily','日报', 'string', NULL, NULL, NULL, NULL, '2014-3-1 17:47:00', NULL, NULL, NULL, NULL);
INSERT INTO t_rptd_field_map (c_id, c_name, c_data_type, c_unit, c_create_user, c_create_time, c_modify_user, c_modify_time, c_tag1, c_tag2, c_tag3, c_tag4) VALUES ('c_title','标题', 'string', NULL, NULL, NULL, NULL, '2014-3-1 17:47:00', NULL, NULL, NULL, NULL);
INSERT INTO t_rptd_field_map (c_id, c_name, c_data_type, c_unit, c_create_user, c_create_time, c_modify_user, c_modify_time, c_tag1, c_tag2, c_tag3, c_tag4) VALUES ('c_content','任务明细', 'string', NULL, NULL, NULL, NULL, '2014-3-1 17:47:00', NULL, NULL, NULL, NULL);
INSERT INTO t_rptd_field_map (c_id, c_name, c_data_type, c_unit, c_create_user, c_create_time, c_modify_user, c_modify_time, c_tag1, c_tag2, c_tag3, c_tag4) VALUES ('c_type1','行业', 'string', NULL, NULL, NULL, NULL, '2014-3-1 17:47:00', NULL, NULL, NULL, NULL);
INSERT INTO t_rptd_field_map (c_id, c_name, c_data_type, c_unit, c_create_user, c_create_time, c_modify_user, c_modify_time, c_tag1, c_tag2, c_tag3, c_tag4) VALUES ('c_hours','工时', 'float', NULL, NULL, NULL, NULL, '2014-3-1 17:47:00', NULL, NULL, NULL, NULL);
INSERT INTO t_rptd_field_map (c_id, c_name, c_data_type, c_unit, c_create_user, c_create_time, c_modify_user, c_modify_time, c_tag1, c_tag2, c_tag3, c_tag4) VALUES ('c_best_practice','最佳实践', 'string', NULL, NULL, NULL, NULL, '2014-3-1 17:47:00', NULL, NULL, NULL, NULL);
INSERT INTO t_rptd_field_map (c_id, c_name, c_data_type, c_unit, c_create_user, c_create_time, c_modify_user, c_modify_time, c_tag1, c_tag2, c_tag3, c_tag4) VALUES ('c_type2','细分市场', 'string', NULL, NULL, NULL, NULL, '2014-3-1 17:47:00', NULL, NULL, NULL, NULL);
INSERT INTO t_rptd_field_map (c_id, c_name, c_data_type, c_unit, c_create_user, c_create_time, c_modify_user, c_modify_time, c_tag1, c_tag2, c_tag3, c_tag4) VALUES ('t_sys_group','工作组', 'string', NULL, NULL, NULL, NULL, '2014-3-1 17:47:00', NULL, NULL, NULL, NULL);
INSERT INTO t_rptd_field_map (c_id, c_name, c_data_type, c_unit, c_create_user, c_create_time, c_modify_user, c_modify_time, c_tag1, c_tag2, c_tag3, c_tag4) VALUES ('c_name','名称', 'string', NULL, NULL, NULL, NULL, '2014-3-1 17:47:00', NULL, NULL, NULL, NULL);
INSERT INTO t_rptd_field_map (c_id, c_name, c_data_type, c_unit, c_create_user, c_create_time, c_modify_user, c_modify_time, c_tag1, c_tag2, c_tag3, c_tag4) VALUES ('c_display_name','显示名称，如：资源类型', 'string', NULL, NULL, NULL, NULL, '2014-3-1 17:47:00', NULL, NULL, NULL, NULL);
INSERT INTO t_rptd_field_map (c_id, c_name, c_data_type, c_unit, c_create_user, c_create_time, c_modify_user, c_modify_time, c_tag1, c_tag2, c_tag3, c_tag4) VALUES ('c_region_level','区域级别', 'integer', NULL, NULL, NULL, NULL, '2014-3-1 17:47:00', NULL, NULL, NULL, NULL);
INSERT INTO t_rptd_field_map (c_id, c_name, c_data_type, c_unit, c_create_user, c_create_time, c_modify_user, c_modify_time, c_tag1, c_tag2, c_tag3, c_tag4) VALUES ('c_desc','描述', 'string', NULL, NULL, NULL, NULL, '2014-3-1 17:47:00', NULL, NULL, NULL, NULL);
INSERT INTO t_rptd_field_map (c_id, c_name, c_data_type, c_unit, c_create_user, c_create_time, c_modify_user, c_modify_time, c_tag1, c_tag2, c_tag3, c_tag4) VALUES ('c_sort_id','排序号', 'integer', NULL, NULL, NULL, NULL, '2014-3-1 17:47:00', NULL, NULL, NULL, NULL);
INSERT INTO t_rptd_field_map (c_id, c_name, c_data_type, c_unit, c_create_user, c_create_time, c_modify_user, c_modify_time, c_tag1, c_tag2, c_tag3, c_tag4) VALUES ('c_role','权限角色', 'string', NULL, NULL, NULL, NULL, '2014-3-1 17:47:00', NULL, NULL, NULL, NULL);
INSERT INTO t_rptd_field_map (c_id, c_name, c_data_type, c_unit, c_create_user, c_create_time, c_modify_user, c_modify_time, c_tag1, c_tag2, c_tag3, c_tag4) VALUES ('t_rpt_type','报表类型', 'string', NULL, NULL, NULL, NULL, '2014-3-1 17:47:00', NULL, NULL, NULL, NULL);
INSERT INTO t_rptd_field_map (c_id, c_name, c_data_type, c_unit, c_create_user, c_create_time, c_modify_user, c_modify_time, c_tag1, c_tag2, c_tag3, c_tag4) VALUES ('c_parent_id','上级部门', 'integer', NULL, NULL, NULL, NULL, '2014-3-1 17:47:00', NULL, NULL, NULL, NULL);
INSERT INTO t_rptd_field_map (c_id, c_name, c_data_type, c_unit, c_create_user, c_create_time, c_modify_user, c_modify_time, c_tag1, c_tag2, c_tag3, c_tag4) VALUES ('c_path','树级路径', 'string', NULL, NULL, NULL, NULL, '2014-3-1 17:47:00', NULL, NULL, NULL, NULL);
INSERT INTO t_rptd_field_map (c_id, c_name, c_data_type, c_unit, c_create_user, c_create_time, c_modify_user, c_modify_time, c_tag1, c_tag2, c_tag3, c_tag4) VALUES ('c_full_path_name','全路径名称', 'string', NULL, NULL, NULL, NULL, '2014-3-1 17:47:00', NULL, NULL, NULL, NULL);
INSERT INTO t_rptd_field_map (c_id, c_name, c_data_type, c_unit, c_create_user, c_create_time, c_modify_user, c_modify_time, c_tag1, c_tag2, c_tag3, c_tag4) VALUES ('t_rpt_subscribe','报表订阅', 'string', NULL, NULL, NULL, NULL, '2014-3-1 17:47:00', NULL, NULL, NULL, NULL);
INSERT INTO t_rptd_field_map (c_id, c_name, c_data_type, c_unit, c_create_user, c_create_time, c_modify_user, c_modify_time, c_tag1, c_tag2, c_tag3, c_tag4) VALUES ('c_rpt_id','报表', 'string', NULL, NULL, NULL, NULL, '2014-3-1 17:47:00', NULL, NULL, NULL, NULL);
INSERT INTO t_rptd_field_map (c_id, c_name, c_data_type, c_unit, c_create_user, c_create_time, c_modify_user, c_modify_time, c_tag1, c_tag2, c_tag3, c_tag4) VALUES ('c_rpt_name','订阅的报表名称', 'string', NULL, NULL, NULL, NULL, '2014-3-1 17:47:00', NULL, NULL, NULL, NULL);
INSERT INTO t_rptd_field_map (c_id, c_name, c_data_type, c_unit, c_create_user, c_create_time, c_modify_user, c_modify_time, c_tag1, c_tag2, c_tag3, c_tag4) VALUES ('c_file_format','文件格式： PDF XLS', 'string', NULL, NULL, NULL, NULL, '2014-3-1 17:47:00', NULL, NULL, NULL, NULL);
INSERT INTO t_rptd_field_map (c_id, c_name, c_data_type, c_unit, c_create_user, c_create_time, c_modify_user, c_modify_time, c_tag1, c_tag2, c_tag3, c_tag4) VALUES ('c_send_time','发送时间', 'string', NULL, NULL, NULL, NULL, '2014-3-1 17:47:00', NULL, NULL, NULL, NULL);
INSERT INTO t_rptd_field_map (c_id, c_name, c_data_type, c_unit, c_create_user, c_create_time, c_modify_user, c_modify_time, c_tag1, c_tag2, c_tag3, c_tag4) VALUES ('c_subscribe_user','订阅用户ID', 'string', NULL, NULL, NULL, NULL, '2014-3-1 17:47:00', NULL, NULL, NULL, NULL);
INSERT INTO t_rptd_field_map (c_id, c_name, c_data_type, c_unit, c_create_user, c_create_time, c_modify_user, c_modify_time, c_tag1, c_tag2, c_tag3, c_tag4) VALUES ('c_subscribe_time','订阅时间', 'dateyeartominute', NULL, NULL, NULL, NULL, '2014-3-1 17:47:00', NULL, NULL, NULL, NULL);
INSERT INTO t_rptd_field_map (c_id, c_name, c_data_type, c_unit, c_create_user, c_create_time, c_modify_user, c_modify_time, c_tag1, c_tag2, c_tag3, c_tag4) VALUES ('c_params','生成时参数信息', 'string', NULL, NULL, NULL, NULL, '2014-3-1 17:47:00', NULL, NULL, NULL, NULL);
INSERT INTO t_rptd_field_map (c_id, c_name, c_data_type, c_unit, c_create_user, c_create_time, c_modify_user, c_modify_time, c_tag1, c_tag2, c_tag3, c_tag4) VALUES ('c_module','订阅报表所属模块 kpi：KPI统计分析；motoroom：机房模块', 'string', NULL, NULL, NULL, NULL, '2014-3-1 17:47:00', NULL, NULL, NULL, NULL);
INSERT INTO t_rptd_field_map (c_id, c_name, c_data_type, c_unit, c_create_user, c_create_time, c_modify_user, c_modify_time, c_tag1, c_tag2, c_tag3, c_tag4) VALUES ('t_customer_warranty','客户维保信息', 'string', NULL, NULL, NULL, NULL, '2014-3-1 17:47:00', NULL, NULL, NULL, NULL);
INSERT INTO t_rptd_field_map (c_id, c_name, c_data_type, c_unit, c_create_user, c_create_time, c_modify_user, c_modify_time, c_tag1, c_tag2, c_tag3, c_tag4) VALUES ('c_customer_id','客户ID', 'integer', NULL, NULL, NULL, NULL, '2014-3-1 17:47:00', NULL, NULL, NULL, NULL);
INSERT INTO t_rptd_field_map (c_id, c_name, c_data_type, c_unit, c_create_user, c_create_time, c_modify_user, c_modify_time, c_tag1, c_tag2, c_tag3, c_tag4) VALUES ('c_warranty_begin','维保开始时间', 'date', NULL, NULL, NULL, NULL, '2014-3-1 17:47:00', NULL, NULL, NULL, NULL);
INSERT INTO t_rptd_field_map (c_id, c_name, c_data_type, c_unit, c_create_user, c_create_time, c_modify_user, c_modify_time, c_tag1, c_tag2, c_tag3, c_tag4) VALUES ('c_warranty_end','维保结束期', 'date', NULL, NULL, NULL, NULL, '2014-3-1 17:47:00', NULL, NULL, NULL, NULL);
INSERT INTO t_rptd_field_map (c_id, c_name, c_data_type, c_unit, c_create_user, c_create_time, c_modify_user, c_modify_time, c_tag1, c_tag2, c_tag3, c_tag4) VALUES ('c_warranty','维保期', 'string', NULL, NULL, NULL, NULL, '2014-3-1 17:47:00', NULL, NULL, NULL, NULL);
INSERT INTO t_rptd_field_map (c_id, c_name, c_data_type, c_unit, c_create_user, c_create_time, c_modify_user, c_modify_time, c_tag1, c_tag2, c_tag3, c_tag4) VALUES ('c_is_expired','是否过保', 'boolean', NULL, NULL, NULL, NULL, '2014-3-1 17:47:00', NULL, NULL, NULL, NULL);
INSERT INTO t_rptd_field_map (c_id, c_name, c_data_type, c_unit, c_create_user, c_create_time, c_modify_user, c_modify_time, c_tag1, c_tag2, c_tag3, c_tag4) VALUES ('c_info','其它信息', 'string', NULL, NULL, NULL, NULL, '2014-3-1 17:47:00', NULL, NULL, NULL, NULL);
INSERT INTO t_rptd_field_map (c_id, c_name, c_data_type, c_unit, c_create_user, c_create_time, c_modify_user, c_modify_time, c_tag1, c_tag2, c_tag3, c_tag4) VALUES ('t_sys_group_region_rel','区域和分组关系表', 'string', NULL, NULL, NULL, NULL, '2014-3-1 17:47:00', NULL, NULL, NULL, NULL);
INSERT INTO t_rptd_field_map (c_id, c_name, c_data_type, c_unit, c_create_user, c_create_time, c_modify_user, c_modify_time, c_tag1, c_tag2, c_tag3, c_tag4) VALUES ('c_region_id','区域ID', 'string', NULL, NULL, NULL, NULL, '2014-3-1 17:47:00', NULL, NULL, NULL, NULL);
INSERT INTO t_rptd_field_map (c_id, c_name, c_data_type, c_unit, c_create_user, c_create_time, c_modify_user, c_modify_time, c_tag1, c_tag2, c_tag3, c_tag4) VALUES ('t_project_module','项目模块', 'string', NULL, NULL, NULL, NULL, '2014-3-1 17:47:00', NULL, NULL, NULL, NULL);
INSERT INTO t_rptd_field_map (c_id, c_name, c_data_type, c_unit, c_create_user, c_create_time, c_modify_user, c_modify_time, c_tag1, c_tag2, c_tag3, c_tag4) VALUES ('t_rpt_def_param','报表定义参数', 'string', NULL, NULL, NULL, NULL, '2014-3-1 17:47:00', NULL, NULL, NULL, NULL);
INSERT INTO t_rptd_field_map (c_id, c_name, c_data_type, c_unit, c_create_user, c_create_time, c_modify_user, c_modify_time, c_tag1, c_tag2, c_tag3, c_tag4) VALUES ('c_field','字段，如：res.c_res_type_id', 'string', NULL, NULL, NULL, NULL, '2014-3-1 17:47:00', NULL, NULL, NULL, NULL);
INSERT INTO t_rptd_field_map (c_id, c_name, c_data_type, c_unit, c_create_user, c_create_time, c_modify_user, c_modify_time, c_tag1, c_tag2, c_tag3, c_tag4) VALUES ('c_tips','提示', 'string', NULL, NULL, NULL, NULL, '2014-3-1 17:47:00', NULL, NULL, NULL, NULL);
INSERT INTO t_rptd_field_map (c_id, c_name, c_data_type, c_unit, c_create_user, c_create_time, c_modify_user, c_modify_time, c_tag1, c_tag2, c_tag3, c_tag4) VALUES ('c_sql','表格sql', 'string', NULL, NULL, NULL, NULL, '2014-3-1 17:47:00', NULL, NULL, NULL, NULL);
INSERT INTO t_rptd_field_map (c_id, c_name, c_data_type, c_unit, c_create_user, c_create_time, c_modify_user, c_modify_time, c_tag1, c_tag2, c_tag3, c_tag4) VALUES ('c_is_single','是否单值，1=单选；0多选', 'boolean', NULL, NULL, NULL, NULL, '2014-3-1 17:47:00', NULL, NULL, NULL, NULL);
INSERT INTO t_rptd_field_map (c_id, c_name, c_data_type, c_unit, c_create_user, c_create_time, c_modify_user, c_modify_time, c_tag1, c_tag2, c_tag3, c_tag4) VALUES ('c_is_query_param','是否查询参数', 'boolean', NULL, NULL, NULL, NULL, '2014-3-1 17:47:00', NULL, NULL, NULL, NULL);
INSERT INTO t_rptd_field_map (c_id, c_name, c_data_type, c_unit, c_create_user, c_create_time, c_modify_user, c_modify_time, c_tag1, c_tag2, c_tag3, c_tag4) VALUES ('c_is_build_param','是否构建参数', 'boolean', NULL, NULL, NULL, NULL, '2014-3-1 17:47:00', NULL, NULL, NULL, NULL);
INSERT INTO t_rptd_field_map (c_id, c_name, c_data_type, c_unit, c_create_user, c_create_time, c_modify_user, c_modify_time, c_tag1, c_tag2, c_tag3, c_tag4) VALUES ('c_display_style','显示类型，下拉框、单选、复选、左右选择、弹出窗口、custom等', 'string', NULL, NULL, NULL, NULL, '2014-3-1 17:47:00', NULL, NULL, NULL, NULL);
INSERT INTO t_rptd_field_map (c_id, c_name, c_data_type, c_unit, c_create_user, c_create_time, c_modify_user, c_modify_time, c_tag1, c_tag2, c_tag3, c_tag4) VALUES ('c_param_type','参数类型,如：资源选择、接口选择', 'string', NULL, NULL, NULL, NULL, '2014-3-1 17:47:00', NULL, NULL, NULL, NULL);
INSERT INTO t_rptd_field_map (c_id, c_name, c_data_type, c_unit, c_create_user, c_create_time, c_modify_user, c_modify_time, c_tag1, c_tag2, c_tag3, c_tag4) VALUES ('c_depend_def_param_id','依赖参数', 'string', NULL, NULL, NULL, NULL, '2014-3-1 17:47:00', NULL, NULL, NULL, NULL);
INSERT INTO t_rptd_field_map (c_id, c_name, c_data_type, c_unit, c_create_user, c_create_time, c_modify_user, c_modify_time, c_tag1, c_tag2, c_tag3, c_tag4) VALUES ('t_sys_dept','部门', 'string', NULL, NULL, NULL, NULL, '2014-3-1 17:47:00', NULL, NULL, NULL, NULL);
INSERT INTO t_rptd_field_map (c_id, c_name, c_data_type, c_unit, c_create_user, c_create_time, c_modify_user, c_modify_time, c_tag1, c_tag2, c_tag3, c_tag4) VALUES ('c_code','编码', 'string', NULL, NULL, NULL, NULL, '2014-3-1 17:47:00', NULL, NULL, NULL, NULL);
INSERT INTO t_rptd_field_map (c_id, c_name, c_data_type, c_unit, c_create_user, c_create_time, c_modify_user, c_modify_time, c_tag1, c_tag2, c_tag3, c_tag4) VALUES ('t_dict_region','区域', 'string', NULL, NULL, NULL, NULL, '2014-3-1 17:47:00', NULL, NULL, NULL, NULL);
INSERT INTO t_rptd_field_map (c_id, c_name, c_data_type, c_unit, c_create_user, c_create_time, c_modify_user, c_modify_time, c_tag1, c_tag2, c_tag3, c_tag4) VALUES ('c_region1','片区', 'string', NULL, NULL, NULL, NULL, '2014-3-1 17:47:00', NULL, NULL, NULL, NULL);
INSERT INTO t_rptd_field_map (c_id, c_name, c_data_type, c_unit, c_create_user, c_create_time, c_modify_user, c_modify_time, c_tag1, c_tag2, c_tag3, c_tag4) VALUES ('c_region2','大区', 'string', NULL, NULL, NULL, NULL, '2014-3-1 17:47:00', NULL, NULL, NULL, NULL);
INSERT INTO t_rptd_field_map (c_id, c_name, c_data_type, c_unit, c_create_user, c_create_time, c_modify_user, c_modify_time, c_tag1, c_tag2, c_tag3, c_tag4) VALUES ('c_region3','省区', 'string', NULL, NULL, NULL, NULL, '2014-3-1 17:47:00', NULL, NULL, NULL, NULL);
INSERT INTO t_rptd_field_map (c_id, c_name, c_data_type, c_unit, c_create_user, c_create_time, c_modify_user, c_modify_time, c_tag1, c_tag2, c_tag3, c_tag4) VALUES ('t_rptd_period_type','周期类型,小时、日报、周报、月报、季报、半年报、年报', 'string', NULL, NULL, NULL, NULL, '2014-3-1 17:47:00', NULL, NULL, NULL, NULL);
INSERT INTO t_rptd_field_map (c_id, c_name, c_data_type, c_unit, c_create_user, c_create_time, c_modify_user, c_modify_time, c_tag1, c_tag2, c_tag3, c_tag4) VALUES ('c_is_enabled','是否启用', 'boolean', NULL, NULL, NULL, NULL, '2014-3-1 17:47:00', NULL, NULL, NULL, NULL);
INSERT INTO t_rptd_field_map (c_id, c_name, c_data_type, c_unit, c_create_user, c_create_time, c_modify_user, c_modify_time, c_tag1, c_tag2, c_tag3, c_tag4) VALUES ('t_rptl_send_og','报表订阅发送日志', 'string', NULL, NULL, NULL, NULL, '2014-3-1 17:47:00', NULL, NULL, NULL, NULL);
INSERT INTO t_rptd_field_map (c_id, c_name, c_data_type, c_unit, c_create_user, c_create_time, c_modify_user, c_modify_time, c_tag1, c_tag2, c_tag3, c_tag4) VALUES ('c_subscribe_id','订阅单号ID', 'string', NULL, NULL, NULL, NULL, '2014-3-1 17:47:00', NULL, NULL, NULL, NULL);
INSERT INTO t_rptd_field_map (c_id, c_name, c_data_type, c_unit, c_create_user, c_create_time, c_modify_user, c_modify_time, c_tag1, c_tag2, c_tag3, c_tag4) VALUES ('c_start_time','生成开始时间', 'dateyeartominute', NULL, NULL, NULL, NULL, '2014-3-1 17:47:00', NULL, NULL, NULL, NULL);
INSERT INTO t_rptd_field_map (c_id, c_name, c_data_type, c_unit, c_create_user, c_create_time, c_modify_user, c_modify_time, c_tag1, c_tag2, c_tag3, c_tag4) VALUES ('c_end_time','生成结束时间', 'dateyeartominute', NULL, NULL, NULL, NULL, '2014-3-1 17:47:00', NULL, NULL, NULL, NULL);
INSERT INTO t_rptd_field_map (c_id, c_name, c_data_type, c_unit, c_create_user, c_create_time, c_modify_user, c_modify_time, c_tag1, c_tag2, c_tag3, c_tag4) VALUES ('c_is_succ','是否成功', 'boolean', NULL, NULL, NULL, NULL, '2014-3-1 17:47:00', NULL, NULL, NULL, NULL);
INSERT INTO t_rptd_field_map (c_id, c_name, c_data_type, c_unit, c_create_user, c_create_time, c_modify_user, c_modify_time, c_tag1, c_tag2, c_tag3, c_tag4) VALUES ('c_err_msg','错误信息', 'string', NULL, NULL, NULL, NULL, '2014-3-1 17:47:00', NULL, NULL, NULL, NULL);
INSERT INTO t_rptd_field_map (c_id, c_name, c_data_type, c_unit, c_create_user, c_create_time, c_modify_user, c_modify_time, c_tag1, c_tag2, c_tag3, c_tag4) VALUES ('c_memo','备注', 'string', NULL, NULL, NULL, NULL, '2014-3-1 17:47:00', NULL, NULL, NULL, NULL);
INSERT INTO t_rptd_field_map (c_id, c_name, c_data_type, c_unit, c_create_user, c_create_time, c_modify_user, c_modify_time, c_tag1, c_tag2, c_tag3, c_tag4) VALUES ('t_sys_user','用户', 'string', NULL, NULL, NULL, NULL, '2014-3-1 17:47:00', NULL, NULL, NULL, NULL);
INSERT INTO t_rptd_field_map (c_id, c_name, c_data_type, c_unit, c_create_user, c_create_time, c_modify_user, c_modify_time, c_tag1, c_tag2, c_tag3, c_tag4) VALUES ('c_password','密码', 'string', NULL, NULL, NULL, NULL, '2014-3-1 17:47:00', NULL, NULL, NULL, NULL);
INSERT INTO t_rptd_field_map (c_id, c_name, c_data_type, c_unit, c_create_user, c_create_time, c_modify_user, c_modify_time, c_tag1, c_tag2, c_tag3, c_tag4) VALUES ('c_dept_id','部门', 'integer', NULL, NULL, NULL, NULL, '2014-3-1 17:47:00', NULL, NULL, NULL, NULL);
INSERT INTO t_rptd_field_map (c_id, c_name, c_data_type, c_unit, c_create_user, c_create_time, c_modify_user, c_modify_time, c_tag1, c_tag2, c_tag3, c_tag4) VALUES ('c_email','email', 'string', NULL, NULL, NULL, NULL, '2014-3-1 17:47:00', NULL, NULL, NULL, NULL);
INSERT INTO t_rptd_field_map (c_id, c_name, c_data_type, c_unit, c_create_user, c_create_time, c_modify_user, c_modify_time, c_tag1, c_tag2, c_tag3, c_tag4) VALUES ('c_token','token', 'string', NULL, NULL, NULL, NULL, '2014-3-1 17:47:00', NULL, NULL, NULL, NULL);
INSERT INTO t_rptd_field_map (c_id, c_name, c_data_type, c_unit, c_create_user, c_create_time, c_modify_user, c_modify_time, c_tag1, c_tag2, c_tag3, c_tag4) VALUES ('c_type','类型', 'string', NULL, NULL, NULL, NULL, '2014-3-1 17:47:00', NULL, NULL, NULL, NULL);
INSERT INTO t_rptd_field_map (c_id, c_name, c_data_type, c_unit, c_create_user, c_create_time, c_modify_user, c_modify_time, c_tag1, c_tag2, c_tag3, c_tag4) VALUES ('c_sex','性别', 'string', NULL, NULL, NULL, NULL, '2014-3-1 17:47:00', NULL, NULL, NULL, NULL);
INSERT INTO t_rptd_field_map (c_id, c_name, c_data_type, c_unit, c_create_user, c_create_time, c_modify_user, c_modify_time, c_tag1, c_tag2, c_tag3, c_tag4) VALUES ('c_mobile','手机', 'string', NULL, NULL, NULL, NULL, '2014-3-1 17:47:00', NULL, NULL, NULL, NULL);
INSERT INTO t_rptd_field_map (c_id, c_name, c_data_type, c_unit, c_create_user, c_create_time, c_modify_user, c_modify_time, c_tag1, c_tag2, c_tag3, c_tag4) VALUES ('c_phone','电话', 'string', NULL, NULL, NULL, NULL, '2014-3-1 17:47:00', NULL, NULL, NULL, NULL);
INSERT INTO t_rptd_field_map (c_id, c_name, c_data_type, c_unit, c_create_user, c_create_time, c_modify_user, c_modify_time, c_tag1, c_tag2, c_tag3, c_tag4) VALUES ('c_fax','传真', 'string', NULL, NULL, NULL, NULL, '2014-3-1 17:47:00', NULL, NULL, NULL, NULL);
INSERT INTO t_rptd_field_map (c_id, c_name, c_data_type, c_unit, c_create_user, c_create_time, c_modify_user, c_modify_time, c_tag1, c_tag2, c_tag3, c_tag4) VALUES ('c_address','住址', 'string', NULL, NULL, NULL, NULL, '2014-3-1 17:47:00', NULL, NULL, NULL, NULL);
INSERT INTO t_rptd_field_map (c_id, c_name, c_data_type, c_unit, c_create_user, c_create_time, c_modify_user, c_modify_time, c_tag1, c_tag2, c_tag3, c_tag4) VALUES ('c_login_count','用户累计登录次数', 'integer', NULL, NULL, NULL, NULL, '2014-3-1 17:47:00', NULL, NULL, NULL, NULL);
INSERT INTO t_rptd_field_map (c_id, c_name, c_data_type, c_unit, c_create_user, c_create_time, c_modify_user, c_modify_time, c_tag1, c_tag2, c_tag3, c_tag4) VALUES ('t_project_module_hot','项目热点模块', 'string', NULL, NULL, NULL, NULL, '2014-3-1 17:47:00', NULL, NULL, NULL, NULL);
INSERT INTO t_rptd_field_map (c_id, c_name, c_data_type, c_unit, c_create_user, c_create_time, c_modify_user, c_modify_time, c_tag1, c_tag2, c_tag3, c_tag4) VALUES ('t_customer_complaint','客户投诉', 'string', NULL, NULL, NULL, NULL, '2014-3-1 17:47:00', NULL, NULL, NULL, NULL);
INSERT INTO t_rptd_field_map (c_id, c_name, c_data_type, c_unit, c_create_user, c_create_time, c_modify_user, c_modify_time, c_tag1, c_tag2, c_tag3, c_tag4) VALUES ('c_complaint_id','投诉原因id', 'integer', NULL, NULL, NULL, NULL, '2014-3-1 17:47:00', NULL, NULL, NULL, NULL);
INSERT INTO t_rptd_field_map (c_id, c_name, c_data_type, c_unit, c_create_user, c_create_time, c_modify_user, c_modify_time, c_tag1, c_tag2, c_tag3, c_tag4) VALUES ('c_time','投诉时间', 'dateyeartominute', NULL, NULL, NULL, NULL, '2014-3-1 17:47:00', NULL, NULL, NULL, NULL);
INSERT INTO t_rptd_field_map (c_id, c_name, c_data_type, c_unit, c_create_user, c_create_time, c_modify_user, c_modify_time, c_tag1, c_tag2, c_tag3, c_tag4) VALUES ('c_complaint_info','投诉内容', 'string', NULL, NULL, NULL, NULL, '2014-3-1 17:47:00', NULL, NULL, NULL, NULL);
INSERT INTO t_rptd_field_map (c_id, c_name, c_data_type, c_unit, c_create_user, c_create_time, c_modify_user, c_modify_time, c_tag1, c_tag2, c_tag3, c_tag4) VALUES ('c_current_resolve','投诉当前解决情况', 'string', NULL, NULL, NULL, NULL, '2014-3-1 17:47:00', NULL, NULL, NULL, NULL);
INSERT INTO t_rptd_field_map (c_id, c_name, c_data_type, c_unit, c_create_user, c_create_time, c_modify_user, c_modify_time, c_tag1, c_tag2, c_tag3, c_tag4) VALUES ('t_rpt_def_field','报表定义字段', 'string', NULL, NULL, NULL, NULL, '2014-3-1 17:47:00', NULL, NULL, NULL, NULL);
INSERT INTO t_rptd_field_map (c_id, c_name, c_data_type, c_unit, c_create_user, c_create_time, c_modify_user, c_modify_time, c_tag1, c_tag2, c_tag3, c_tag4) VALUES ('c_data_type','数据类型', 'string', NULL, NULL, NULL, NULL, '2014-3-1 17:47:00', NULL, NULL, NULL, NULL);
INSERT INTO t_rptd_field_map (c_id, c_name, c_data_type, c_unit, c_create_user, c_create_time, c_modify_user, c_modify_time, c_tag1, c_tag2, c_tag3, c_tag4) VALUES ('c_is_group','是否分组字段', 'boolean', NULL, NULL, NULL, NULL, '2014-3-1 17:47:00', NULL, NULL, NULL, NULL);
INSERT INTO t_rptd_field_map (c_id, c_name, c_data_type, c_unit, c_create_user, c_create_time, c_modify_user, c_modify_time, c_tag1, c_tag2, c_tag3, c_tag4) VALUES ('c_is_sum','是否计算字段', 'boolean', NULL, NULL, NULL, NULL, '2014-3-1 17:47:00', NULL, NULL, NULL, NULL);
INSERT INTO t_rptd_field_map (c_id, c_name, c_data_type, c_unit, c_create_user, c_create_time, c_modify_user, c_modify_time, c_tag1, c_tag2, c_tag3, c_tag4) VALUES ('c_sum_method','计算方法', 'string', NULL, NULL, NULL, NULL, '2014-3-1 17:47:00', NULL, NULL, NULL, NULL);
INSERT INTO t_rptd_field_map (c_id, c_name, c_data_type, c_unit, c_create_user, c_create_time, c_modify_user, c_modify_time, c_tag1, c_tag2, c_tag3, c_tag4) VALUES ('c_is_percentage','是否百分比字段', 'boolean', NULL, NULL, NULL, NULL, '2014-3-1 17:47:00', NULL, NULL, NULL, NULL);
INSERT INTO t_rptd_field_map (c_id, c_name, c_data_type, c_unit, c_create_user, c_create_time, c_modify_user, c_modify_time, c_tag1, c_tag2, c_tag3, c_tag4) VALUES ('c_is_query_time','是否查询时间字段', 'boolean', NULL, NULL, NULL, NULL, '2014-3-1 17:47:00', NULL, NULL, NULL, NULL);
INSERT INTO t_rptd_field_map (c_id, c_name, c_data_type, c_unit, c_create_user, c_create_time, c_modify_user, c_modify_time, c_tag1, c_tag2, c_tag3, c_tag4) VALUES ('c_query_range','查询访问 =、in、between、!=,notin', 'string', NULL, NULL, NULL, NULL, '2014-3-1 17:47:00', NULL, NULL, NULL, NULL);
INSERT INTO t_rptd_field_map (c_id, c_name, c_data_type, c_unit, c_create_user, c_create_time, c_modify_user, c_modify_time, c_tag1, c_tag2, c_tag3, c_tag4) VALUES ('tmp_tree_node','', 'string', NULL, NULL, NULL, NULL, '2014-3-1 17:47:00', NULL, NULL, NULL, NULL);
INSERT INTO t_rptd_field_map (c_id, c_name, c_data_type, c_unit, c_create_user, c_create_time, c_modify_user, c_modify_time, c_tag1, c_tag2, c_tag3, c_tag4) VALUES ('c_sno','', 'integer', NULL, NULL, NULL, NULL, '2014-3-1 17:47:00', NULL, NULL, NULL, NULL);
INSERT INTO t_rptd_field_map (c_id, c_name, c_data_type, c_unit, c_create_user, c_create_time, c_modify_user, c_modify_time, c_tag1, c_tag2, c_tag3, c_tag4) VALUES ('c_path_name','全路径名称', 'string', NULL, NULL, NULL, NULL, '2014-3-1 17:47:00', NULL, NULL, NULL, NULL);
INSERT INTO t_rptd_field_map (c_id, c_name, c_data_type, c_unit, c_create_user, c_create_time, c_modify_user, c_modify_time, c_tag1, c_tag2, c_tag3, c_tag4) VALUES ('t_customer_pm','客户联系人', 'string', NULL, NULL, NULL, NULL, '2014-3-1 17:47:00', NULL, NULL, NULL, NULL);
INSERT INTO t_rptd_field_map (c_id, c_name, c_data_type, c_unit, c_create_user, c_create_time, c_modify_user, c_modify_time, c_tag1, c_tag2, c_tag3, c_tag4) VALUES ('c_dept','公司及部门', 'string', NULL, NULL, NULL, NULL, '2014-3-1 17:47:00', NULL, NULL, NULL, NULL);
INSERT INTO t_rptd_field_map (c_id, c_name, c_data_type, c_unit, c_create_user, c_create_time, c_modify_user, c_modify_time, c_tag1, c_tag2, c_tag3, c_tag4) VALUES ('c_phone1','移动电话', 'string', NULL, NULL, NULL, NULL, '2014-3-1 17:47:00', NULL, NULL, NULL, NULL);
INSERT INTO t_rptd_field_map (c_id, c_name, c_data_type, c_unit, c_create_user, c_create_time, c_modify_user, c_modify_time, c_tag1, c_tag2, c_tag3, c_tag4) VALUES ('c_phone2','固定电话', 'string', NULL, NULL, NULL, NULL, '2014-3-1 17:47:00', NULL, NULL, NULL, NULL);
INSERT INTO t_rptd_field_map (c_id, c_name, c_data_type, c_unit, c_create_user, c_create_time, c_modify_user, c_modify_time, c_tag1, c_tag2, c_tag3, c_tag4) VALUES ('c_birthday','生日', 'date', NULL, NULL, NULL, NULL, '2014-3-1 17:47:00', NULL, NULL, NULL, NULL);
INSERT INTO t_rptd_field_map (c_id, c_name, c_data_type, c_unit, c_create_user, c_create_time, c_modify_user, c_modify_time, c_tag1, c_tag2, c_tag3, c_tag4) VALUES ('t_project_order','项目订单', 'string', NULL, NULL, NULL, NULL, '2014-3-1 17:47:00', NULL, NULL, NULL, NULL);
INSERT INTO t_rptd_field_map (c_id, c_name, c_data_type, c_unit, c_create_user, c_create_time, c_modify_user, c_modify_time, c_tag1, c_tag2, c_tag3, c_tag4) VALUES ('c_service_name','服务产品名称', 'string', NULL, NULL, NULL, NULL, '2014-3-1 17:47:00', NULL, NULL, NULL, NULL);
INSERT INTO t_rptd_field_map (c_id, c_name, c_data_type, c_unit, c_create_user, c_create_time, c_modify_user, c_modify_time, c_tag1, c_tag2, c_tag3, c_tag4) VALUES ('c_quantity','数量', 'integer', NULL, NULL, NULL, NULL, '2014-3-1 17:47:00', NULL, NULL, NULL, NULL);
INSERT INTO t_rptd_field_map (c_id, c_name, c_data_type, c_unit, c_create_user, c_create_time, c_modify_user, c_modify_time, c_tag1, c_tag2, c_tag3, c_tag4) VALUES ('t_blog_comment','评论', 'string', NULL, NULL, NULL, NULL, '2014-3-1 17:47:00', NULL, NULL, NULL, NULL);
INSERT INTO t_rptd_field_map (c_id, c_name, c_data_type, c_unit, c_create_user, c_create_time, c_modify_user, c_modify_time, c_tag1, c_tag2, c_tag3, c_tag4) VALUES ('c_subject_id','主题', 'integer', NULL, NULL, NULL, NULL, '2014-3-1 17:47:00', NULL, NULL, NULL, NULL);
INSERT INTO t_rptd_field_map (c_id, c_name, c_data_type, c_unit, c_create_user, c_create_time, c_modify_user, c_modify_time, c_tag1, c_tag2, c_tag3, c_tag4) VALUES ('c_body','内容', 'string', NULL, NULL, NULL, NULL, '2014-3-1 17:47:00', NULL, NULL, NULL, NULL);
INSERT INTO t_rptd_field_map (c_id, c_name, c_data_type, c_unit, c_create_user, c_create_time, c_modify_user, c_modify_time, c_tag1, c_tag2, c_tag3, c_tag4) VALUES ('c_author','用户', 'string', NULL, NULL, NULL, NULL, '2014-3-1 17:47:00', NULL, NULL, NULL, NULL);
INSERT INTO t_rptd_field_map (c_id, c_name, c_data_type, c_unit, c_create_user, c_create_time, c_modify_user, c_modify_time, c_tag1, c_tag2, c_tag3, c_tag4) VALUES ('c_state_id','状态', 'integer', NULL, NULL, NULL, NULL, '2014-3-1 17:47:00', NULL, NULL, NULL, NULL);
INSERT INTO t_rptd_field_map (c_id, c_name, c_data_type, c_unit, c_create_user, c_create_time, c_modify_user, c_modify_time, c_tag1, c_tag2, c_tag3, c_tag4) VALUES ('c_attachment4','附件4', 'string', NULL, NULL, NULL, NULL, '2014-3-1 17:47:00', NULL, NULL, NULL, NULL);
INSERT INTO t_rptd_field_map (c_id, c_name, c_data_type, c_unit, c_create_user, c_create_time, c_modify_user, c_modify_time, c_tag1, c_tag2, c_tag3, c_tag4) VALUES ('c_attachment5','附件5', 'string', NULL, NULL, NULL, NULL, '2014-3-1 17:47:00', NULL, NULL, NULL, NULL);
INSERT INTO t_rptd_field_map (c_id, c_name, c_data_type, c_unit, c_create_user, c_create_time, c_modify_user, c_modify_time, c_tag1, c_tag2, c_tag3, c_tag4) VALUES ('c_attachment6','附件6', 'string', NULL, NULL, NULL, NULL, '2014-3-1 17:47:00', NULL, NULL, NULL, NULL);
INSERT INTO t_rptd_field_map (c_id, c_name, c_data_type, c_unit, c_create_user, c_create_time, c_modify_user, c_modify_time, c_tag1, c_tag2, c_tag3, c_tag4) VALUES ('t_blogd_state','缺陷状态', 'string', NULL, NULL, NULL, NULL, '2014-3-1 17:47:00', NULL, NULL, NULL, NULL);
INSERT INTO t_rptd_field_map (c_id, c_name, c_data_type, c_unit, c_create_user, c_create_time, c_modify_user, c_modify_time, c_tag1, c_tag2, c_tag3, c_tag4) VALUES ('t_rptd_display_type','报表展现类型，如表、图、图表、表图、组合、定制', 'string', NULL, NULL, NULL, NULL, '2014-3-1 17:47:00', NULL, NULL, NULL, NULL);
INSERT INTO t_rptd_field_map (c_id, c_name, c_data_type, c_unit, c_create_user, c_create_time, c_modify_user, c_modify_time, c_tag1, c_tag2, c_tag3, c_tag4) VALUES ('c_class','实现类', 'string', NULL, NULL, NULL, NULL, '2014-3-1 17:47:00', NULL, NULL, NULL, NULL);
INSERT INTO t_rptd_field_map (c_id, c_name, c_data_type, c_unit, c_create_user, c_create_time, c_modify_user, c_modify_time, c_tag1, c_tag2, c_tag3, c_tag4) VALUES ('t_dict_version','产品版本', 'string', NULL, NULL, NULL, NULL, '2014-3-1 17:47:00', NULL, NULL, NULL, NULL);
INSERT INTO t_rptd_field_map (c_id, c_name, c_data_type, c_unit, c_create_user, c_create_time, c_modify_user, c_modify_time, c_tag1, c_tag2, c_tag3, c_tag4) VALUES ('c_product','产品', 'string', NULL, NULL, NULL, NULL, '2014-3-1 17:47:00', NULL, NULL, NULL, NULL);
INSERT INTO t_rptd_field_map (c_id, c_name, c_data_type, c_unit, c_create_user, c_create_time, c_modify_user, c_modify_time, c_tag1, c_tag2, c_tag3, c_tag4) VALUES ('c_version','版本', 'string', NULL, NULL, NULL, NULL, '2014-3-1 17:47:00', NULL, NULL, NULL, NULL);
INSERT INTO t_rptd_field_map (c_id, c_name, c_data_type, c_unit, c_create_user, c_create_time, c_modify_user, c_modify_time, c_tag1, c_tag2, c_tag3, c_tag4) VALUES ('t_dict_module','RIIL模块', 'string', NULL, NULL, NULL, NULL, '2014-3-1 17:47:00', NULL, NULL, NULL, NULL);
INSERT INTO t_rptd_field_map (c_id, c_name, c_data_type, c_unit, c_create_user, c_create_time, c_modify_user, c_modify_time, c_tag1, c_tag2, c_tag3, c_tag4) VALUES ('t_blog_subject','主题', 'string', NULL, NULL, NULL, NULL, '2014-3-1 17:47:00', NULL, NULL, NULL, NULL);
INSERT INTO t_rptd_field_map (c_id, c_name, c_data_type, c_unit, c_create_user, c_create_time, c_modify_user, c_modify_time, c_tag1, c_tag2, c_tag3, c_tag4) VALUES ('c_forum_id','系统', 'integer', NULL, NULL, NULL, NULL, '2014-3-1 17:47:00', NULL, NULL, NULL, NULL);
INSERT INTO t_rptd_field_map (c_id, c_name, c_data_type, c_unit, c_create_user, c_create_time, c_modify_user, c_modify_time, c_tag1, c_tag2, c_tag3, c_tag4) VALUES ('c_type_id','类型', 'string', NULL, NULL, NULL, NULL, '2014-3-1 17:47:00', NULL, NULL, NULL, NULL);
INSERT INTO t_rptd_field_map (c_id, c_name, c_data_type, c_unit, c_create_user, c_create_time, c_modify_user, c_modify_time, c_tag1, c_tag2, c_tag3, c_tag4) VALUES ('c_level_id','等级', 'integer', NULL, NULL, NULL, NULL, '2014-3-1 17:47:00', NULL, NULL, NULL, NULL);
INSERT INTO t_rptd_field_map (c_id, c_name, c_data_type, c_unit, c_create_user, c_create_time, c_modify_user, c_modify_time, c_tag1, c_tag2, c_tag3, c_tag4) VALUES ('c_summary','摘要', 'string', NULL, NULL, NULL, NULL, '2014-3-1 17:47:00', NULL, NULL, NULL, NULL);
INSERT INTO t_rptd_field_map (c_id, c_name, c_data_type, c_unit, c_create_user, c_create_time, c_modify_user, c_modify_time, c_tag1, c_tag2, c_tag3, c_tag4) VALUES ('c_processor','处理人', 'string', NULL, NULL, NULL, NULL, '2014-3-1 17:47:00', NULL, NULL, NULL, NULL);
INSERT INTO t_rptd_field_map (c_id, c_name, c_data_type, c_unit, c_create_user, c_create_time, c_modify_user, c_modify_time, c_tag1, c_tag2, c_tag3, c_tag4) VALUES ('c_expect_time','期望完成时间', 'dateyeartominute', NULL, NULL, NULL, NULL, '2014-3-1 17:47:00', NULL, NULL, NULL, NULL);
INSERT INTO t_rptd_field_map (c_id, c_name, c_data_type, c_unit, c_create_user, c_create_time, c_modify_user, c_modify_time, c_tag1, c_tag2, c_tag3, c_tag4) VALUES ('c_finish_time','实际完成时间', 'dateyeartominute', NULL, NULL, NULL, NULL, '2014-3-1 17:47:00', NULL, NULL, NULL, NULL);
INSERT INTO t_rptd_field_map (c_id, c_name, c_data_type, c_unit, c_create_user, c_create_time, c_modify_user, c_modify_time, c_tag1, c_tag2, c_tag3, c_tag4) VALUES ('t_rptd_data_type','字段数据类型', 'string', NULL, NULL, NULL, NULL, '2014-3-1 17:47:00', NULL, NULL, NULL, NULL);
INSERT INTO t_rptd_field_map (c_id, c_name, c_data_type, c_unit, c_create_user, c_create_time, c_modify_user, c_modify_time, c_tag1, c_tag2, c_tag3, c_tag4) VALUES ('t_rpt','报表', 'string', NULL, NULL, NULL, NULL, '2014-3-1 17:47:00', NULL, NULL, NULL, NULL);
INSERT INTO t_rptd_field_map (c_id, c_name, c_data_type, c_unit, c_create_user, c_create_time, c_modify_user, c_modify_time, c_tag1, c_tag2, c_tag3, c_tag4) VALUES ('c_order_field','排序字段', 'string', NULL, NULL, NULL, NULL, '2014-3-1 17:47:00', NULL, NULL, NULL, NULL);
INSERT INTO t_rptd_field_map (c_id, c_name, c_data_type, c_unit, c_create_user, c_create_time, c_modify_user, c_modify_time, c_tag1, c_tag2, c_tag3, c_tag4) VALUES ('c_order_type','排序方式:asc/desc', 'string', NULL, NULL, NULL, NULL, '2014-3-1 17:47:00', NULL, NULL, NULL, NULL);
INSERT INTO t_rptd_field_map (c_id, c_name, c_data_type, c_unit, c_create_user, c_create_time, c_modify_user, c_modify_time, c_tag1, c_tag2, c_tag3, c_tag4) VALUES ('c_doc_types','生成文件类型', 'string', NULL, NULL, NULL, NULL, '2014-3-1 17:47:00', NULL, NULL, NULL, NULL);
INSERT INTO t_rptd_field_map (c_id, c_name, c_data_type, c_unit, c_create_user, c_create_time, c_modify_user, c_modify_time, c_tag1, c_tag2, c_tag3, c_tag4) VALUES ('c_page_rows','每页行数', 'string', NULL, NULL, NULL, NULL, '2014-3-1 17:47:00', NULL, NULL, NULL, NULL);
INSERT INTO t_rptd_field_map (c_id, c_name, c_data_type, c_unit, c_create_user, c_create_time, c_modify_user, c_modify_time, c_tag1, c_tag2, c_tag3, c_tag4) VALUES ('c_topn','Topn数量', 'string', NULL, NULL, NULL, NULL, '2014-3-1 17:47:00', NULL, NULL, NULL, NULL);
INSERT INTO t_rptd_field_map (c_id, c_name, c_data_type, c_unit, c_create_user, c_create_time, c_modify_user, c_modify_time, c_tag1, c_tag2, c_tag3, c_tag4) VALUES ('c_domain_id','所属域ID', 'string', NULL, NULL, NULL, NULL, '2014-3-1 17:47:00', NULL, NULL, NULL, NULL);
INSERT INTO t_rptd_field_map (c_id, c_name, c_data_type, c_unit, c_create_user, c_create_time, c_modify_user, c_modify_time, c_tag1, c_tag2, c_tag3, c_tag4) VALUES ('c_param_value1','参数1，key=value', 'string', NULL, NULL, NULL, NULL, '2014-3-1 17:47:00', NULL, NULL, NULL, NULL);
INSERT INTO t_rptd_field_map (c_id, c_name, c_data_type, c_unit, c_create_user, c_create_time, c_modify_user, c_modify_time, c_tag1, c_tag2, c_tag3, c_tag4) VALUES ('c_param_value2','参数2', 'string', NULL, NULL, NULL, NULL, '2014-3-1 17:47:00', NULL, NULL, NULL, NULL);
INSERT INTO t_rptd_field_map (c_id, c_name, c_data_type, c_unit, c_create_user, c_create_time, c_modify_user, c_modify_time, c_tag1, c_tag2, c_tag3, c_tag4) VALUES ('c_param_value3','参数3', 'string', NULL, NULL, NULL, NULL, '2014-3-1 17:47:00', NULL, NULL, NULL, NULL);
INSERT INTO t_rptd_field_map (c_id, c_name, c_data_type, c_unit, c_create_user, c_create_time, c_modify_user, c_modify_time, c_tag1, c_tag2, c_tag3, c_tag4) VALUES ('c_param_value4','参数4', 'string', NULL, NULL, NULL, NULL, '2014-3-1 17:47:00', NULL, NULL, NULL, NULL);
INSERT INTO t_rptd_field_map (c_id, c_name, c_data_type, c_unit, c_create_user, c_create_time, c_modify_user, c_modify_time, c_tag1, c_tag2, c_tag3, c_tag4) VALUES ('c_param_value5','参数5', 'string', NULL, NULL, NULL, NULL, '2014-3-1 17:47:00', NULL, NULL, NULL, NULL);
INSERT INTO t_rptd_field_map (c_id, c_name, c_data_type, c_unit, c_create_user, c_create_time, c_modify_user, c_modify_time, c_tag1, c_tag2, c_tag3, c_tag4) VALUES ('t_project','项目信息', 'string', NULL, NULL, NULL, NULL, '2014-3-1 17:47:00', NULL, NULL, NULL, NULL);
INSERT INTO t_rptd_field_map (c_id, c_name, c_data_type, c_unit, c_create_user, c_create_time, c_modify_user, c_modify_time, c_tag1, c_tag2, c_tag3, c_tag4) VALUES ('c_short_name','客户简称', 'string', NULL, NULL, NULL, NULL, '2014-3-1 17:47:00', NULL, NULL, NULL, NULL);
INSERT INTO t_rptd_field_map (c_id, c_name, c_data_type, c_unit, c_create_user, c_create_time, c_modify_user, c_modify_time, c_tag1, c_tag2, c_tag3, c_tag4) VALUES ('c_order_time','订单时间', 'date', NULL, NULL, NULL, NULL, '2014-3-1 17:47:00', NULL, NULL, NULL, NULL);
INSERT INTO t_rptd_field_map (c_id, c_name, c_data_type, c_unit, c_create_user, c_create_time, c_modify_user, c_modify_time, c_tag1, c_tag2, c_tag3, c_tag4) VALUES ('c_money','总合同额(万元)', 'float', NULL, NULL, NULL, NULL, '2014-3-1 17:47:00', NULL, NULL, NULL, NULL);
INSERT INTO t_rptd_field_map (c_id, c_name, c_data_type, c_unit, c_create_user, c_create_time, c_modify_user, c_modify_time, c_tag1, c_tag2, c_tag3, c_tag4) VALUES ('c_begin_date','开工时间', 'date', NULL, NULL, NULL, NULL, '2014-3-1 17:47:00', NULL, NULL, NULL, NULL);
INSERT INTO t_rptd_field_map (c_id, c_name, c_data_type, c_unit, c_create_user, c_create_time, c_modify_user, c_modify_time, c_tag1, c_tag2, c_tag3, c_tag4) VALUES ('c_end_date','竣工时间', 'date', NULL, NULL, NULL, NULL, '2014-3-1 17:47:00', NULL, NULL, NULL, NULL);
INSERT INTO t_rptd_field_map (c_id, c_name, c_data_type, c_unit, c_create_user, c_create_time, c_modify_user, c_modify_time, c_tag1, c_tag2, c_tag3, c_tag4) VALUES ('c_category','项目类型', 'string', NULL, NULL, NULL, NULL, '2014-3-1 17:47:00', NULL, NULL, NULL, NULL);
INSERT INTO t_rptd_field_map (c_id, c_name, c_data_type, c_unit, c_create_user, c_create_time, c_modify_user, c_modify_time, c_tag1, c_tag2, c_tag3, c_tag4) VALUES ('c_pm','客户负责人', 'string', NULL, NULL, NULL, NULL, '2014-3-1 17:47:00', NULL, NULL, NULL, NULL);
INSERT INTO t_rptd_field_map (c_id, c_name, c_data_type, c_unit, c_create_user, c_create_time, c_modify_user, c_modify_time, c_tag1, c_tag2, c_tag3, c_tag4) VALUES ('c_state','客户状态', 'integer', NULL, NULL, NULL, NULL, '2014-3-1 17:47:00', NULL, NULL, NULL, NULL);
INSERT INTO t_rptd_field_map (c_id, c_name, c_data_type, c_unit, c_create_user, c_create_time, c_modify_user, c_modify_time, c_tag1, c_tag2, c_tag3, c_tag4) VALUES ('t_rptd_field_map','字段名称映射', 'string', NULL, NULL, NULL, NULL, '2014-3-1 17:47:00', NULL, NULL, NULL, NULL);
INSERT INTO t_rptd_field_map (c_id, c_name, c_data_type, c_unit, c_create_user, c_create_time, c_modify_user, c_modify_time, c_tag1, c_tag2, c_tag3, c_tag4) VALUES ('c_unit','单位', 'string', NULL, NULL, NULL, NULL, '2014-3-1 17:47:00', NULL, NULL, NULL, NULL);
INSERT INTO t_rptd_field_map (c_id, c_name, c_data_type, c_unit, c_create_user, c_create_time, c_modify_user, c_modify_time, c_tag1, c_tag2, c_tag3, c_tag4) VALUES ('tmp_rpt_tree_node','', 'string', NULL, NULL, NULL, NULL, '2014-3-1 17:47:00', NULL, NULL, NULL, NULL);
INSERT INTO t_rptd_field_map (c_id, c_name, c_data_type, c_unit, c_create_user, c_create_time, c_modify_user, c_modify_time, c_tag1, c_tag2, c_tag3, c_tag4) VALUES ('t_dict_complaint','投诉原因', 'string', NULL, NULL, NULL, NULL, '2014-3-1 17:47:00', NULL, NULL, NULL, NULL);
INSERT INTO t_rptd_field_map (c_id, c_name, c_data_type, c_unit, c_create_user, c_create_time, c_modify_user, c_modify_time, c_tag1, c_tag2, c_tag3, c_tag4) VALUES ('t_blogd_type','缺陷类型', 'string', NULL, NULL, NULL, NULL, '2014-3-1 17:47:00', NULL, NULL, NULL, NULL);
INSERT INTO t_rptd_field_map (c_id, c_name, c_data_type, c_unit, c_create_user, c_create_time, c_modify_user, c_modify_time, c_tag1, c_tag2, c_tag3, c_tag4) VALUES ('t_pm_project','开发项目信息', 'string', NULL, NULL, NULL, NULL, '2014-3-1 17:47:00', NULL, NULL, NULL, NULL);
INSERT INTO t_rptd_field_map (c_id, c_name, c_data_type, c_unit, c_create_user, c_create_time, c_modify_user, c_modify_time, c_tag1, c_tag2, c_tag3, c_tag4) VALUES ('c_pm_dev','项目经理', 'string', NULL, NULL, NULL, NULL, '2014-3-1 17:47:00', NULL, NULL, NULL, NULL);
INSERT INTO t_rptd_field_map (c_id, c_name, c_data_type, c_unit, c_create_user, c_create_time, c_modify_user, c_modify_time, c_tag1, c_tag2, c_tag3, c_tag4) VALUES ('c_pm_impl','实施经理', 'string', NULL, NULL, NULL, NULL, '2014-3-1 17:47:00', NULL, NULL, NULL, NULL);
INSERT INTO t_rptd_field_map (c_id, c_name, c_data_type, c_unit, c_create_user, c_create_time, c_modify_user, c_modify_time, c_tag1, c_tag2, c_tag3, c_tag4) VALUES ('c_pm_amoeba','巴长Amoeba', 'string', NULL, NULL, NULL, NULL, '2014-3-1 17:47:00', NULL, NULL, NULL, NULL);
INSERT INTO t_rptd_field_map (c_id, c_name, c_data_type, c_unit, c_create_user, c_create_time, c_modify_user, c_modify_time, c_tag1, c_tag2, c_tag3, c_tag4) VALUES ('c_order_days','下单人天', 'integer', NULL, NULL, NULL, NULL, '2014-3-1 17:47:00', NULL, NULL, NULL, NULL);
INSERT INTO t_rptd_field_map (c_id, c_name, c_data_type, c_unit, c_create_user, c_create_time, c_modify_user, c_modify_time, c_tag1, c_tag2, c_tag3, c_tag4) VALUES ('c_dev_state','开发状态', 'integer', NULL, NULL, NULL, NULL, '2014-3-1 17:47:00', NULL, NULL, NULL, NULL);
INSERT INTO t_rptd_field_map (c_id, c_name, c_data_type, c_unit, c_create_user, c_create_time, c_modify_user, c_modify_time, c_tag1, c_tag2, c_tag3, c_tag4) VALUES ('t_dict_industry','行业及细分市场', 'string', NULL, NULL, NULL, NULL, '2014-3-1 17:47:00', NULL, NULL, NULL, NULL);
INSERT INTO t_rptd_field_map (c_id, c_name, c_data_type, c_unit, c_create_user, c_create_time, c_modify_user, c_modify_time, c_tag1, c_tag2, c_tag3, c_tag4) VALUES ('t_dict_state','项目状态', 'string', NULL, NULL, NULL, NULL, '2014-3-1 17:47:00', NULL, NULL, NULL, NULL);
INSERT INTO t_rptd_field_map (c_id, c_name, c_data_type, c_unit, c_create_user, c_create_time, c_modify_user, c_modify_time, c_tag1, c_tag2, c_tag3, c_tag4) VALUES ('t_pm_task_type','任务类型', 'string', NULL, NULL, NULL, NULL, '2014-3-1 17:47:00', NULL, NULL, NULL, NULL);
INSERT INTO t_rptd_field_map (c_id, c_name, c_data_type, c_unit, c_create_user, c_create_time, c_modify_user, c_modify_time, c_tag1, c_tag2, c_tag3, c_tag4) VALUES ('t_blogd_forum','系统', 'string', NULL, NULL, NULL, NULL, '2014-3-1 17:47:00', NULL, NULL, NULL, NULL);
INSERT INTO t_rptd_field_map (c_id, c_name, c_data_type, c_unit, c_create_user, c_create_time, c_modify_user, c_modify_time, c_tag1, c_tag2, c_tag3, c_tag4) VALUES ('t_blogd_level','缺陷等级', 'string', NULL, NULL, NULL, NULL, '2014-3-1 17:47:00', NULL, NULL, NULL, NULL);
INSERT INTO t_rptd_field_map (c_id, c_name, c_data_type, c_unit, c_create_user, c_create_time, c_modify_user, c_modify_time, c_tag1, c_tag2, c_tag3, c_tag4) VALUES ('t_rptl_gen_log','报表生成日志', 'string', NULL, NULL, NULL, NULL, '2014-3-1 17:47:00', NULL, NULL, NULL, NULL);
INSERT INTO t_rptd_field_map (c_id, c_name, c_data_type, c_unit, c_create_user, c_create_time, c_modify_user, c_modify_time, c_tag1, c_tag2, c_tag3, c_tag4) VALUES ('t_customer','客户信息', 'string', NULL, NULL, NULL, NULL, '2014-3-1 17:47:00', NULL, NULL, NULL, NULL);
INSERT INTO t_rptd_field_map (c_id, c_name, c_data_type, c_unit, c_create_user, c_create_time, c_modify_user, c_modify_time, c_tag1, c_tag2, c_tag3, c_tag4) VALUES ('c_industry1','行业', 'string', NULL, NULL, NULL, NULL, '2014-3-1 17:47:00', NULL, NULL, NULL, NULL);
INSERT INTO t_rptd_field_map (c_id, c_name, c_data_type, c_unit, c_create_user, c_create_time, c_modify_user, c_modify_time, c_tag1, c_tag2, c_tag3, c_tag4) VALUES ('c_industry2','细分市场', 'string', NULL, NULL, NULL, NULL, '2014-3-1 17:47:00', NULL, NULL, NULL, NULL);
INSERT INTO t_rptd_field_map (c_id, c_name, c_data_type, c_unit, c_create_user, c_create_time, c_modify_user, c_modify_time, c_tag1, c_tag2, c_tag3, c_tag4) VALUES ('c_pmb','乙方负责人', 'string', NULL, NULL, NULL, NULL, '2014-3-1 17:47:00', NULL, NULL, NULL, NULL);
INSERT INTO t_rptd_field_map (c_id, c_name, c_data_type, c_unit, c_create_user, c_create_time, c_modify_user, c_modify_time, c_tag1, c_tag2, c_tag3, c_tag4) VALUES ('c_is_abnormal','是否异常客户', 'boolean', NULL, NULL, NULL, NULL, '2014-3-1 17:47:00', NULL, NULL, NULL, NULL);
INSERT INTO t_rptd_field_map (c_id, c_name, c_data_type, c_unit, c_create_user, c_create_time, c_modify_user, c_modify_time, c_tag1, c_tag2, c_tag3, c_tag4) VALUES ('c_client_aspiration','客户意愿', 'string', NULL, NULL, NULL, NULL, '2014-3-1 17:47:00', NULL, NULL, NULL, NULL);
INSERT INTO t_rptd_field_map (c_id, c_name, c_data_type, c_unit, c_create_user, c_create_time, c_modify_user, c_modify_time, c_tag1, c_tag2, c_tag3, c_tag4) VALUES ('c_is_template','是否样板客户', 'boolean', NULL, NULL, NULL, NULL, '2014-3-1 17:47:00', NULL, NULL, NULL, NULL);
INSERT INTO t_rptd_field_map (c_id, c_name, c_data_type, c_unit, c_create_user, c_create_time, c_modify_user, c_modify_time, c_tag1, c_tag2, c_tag3, c_tag4) VALUES ('c_is_template_boutique','是否精品样板客户', 'boolean', NULL, NULL, NULL, NULL, '2014-3-1 17:47:00', NULL, NULL, NULL, NULL);
INSERT INTO t_rptd_field_map (c_id, c_name, c_data_type, c_unit, c_create_user, c_create_time, c_modify_user, c_modify_time, c_tag1, c_tag2, c_tag3, c_tag4) VALUES ('c_memo2','备注', 'string', NULL, NULL, NULL, NULL, '2014-3-1 17:47:00', NULL, NULL, NULL, NULL);
INSERT INTO t_rptd_field_map (c_id, c_name, c_data_type, c_unit, c_create_user, c_create_time, c_modify_user, c_modify_time, c_tag1, c_tag2, c_tag3, c_tag4) VALUES ('c_is_difficult','是否难点客户', 'boolean', NULL, NULL, NULL, NULL, '2014-3-1 17:47:00', NULL, NULL, NULL, NULL);
INSERT INTO t_rptd_field_map (c_id, c_name, c_data_type, c_unit, c_create_user, c_create_time, c_modify_user, c_modify_time, c_tag1, c_tag2, c_tag3, c_tag4) VALUES ('c_is_good','是否用的好', 'boolean', NULL, NULL, NULL, NULL, '2014-3-1 17:47:00', NULL, NULL, NULL, NULL);
INSERT INTO t_rptd_field_map (c_id, c_name, c_data_type, c_unit, c_create_user, c_create_time, c_modify_user, c_modify_time, c_tag1, c_tag2, c_tag3, c_tag4) VALUES ('c_is_template_conditions','是否具备样板条件', 'boolean', NULL, NULL, NULL, NULL, '2014-3-1 17:47:00', NULL, NULL, NULL, NULL);
INSERT INTO t_rptd_field_map (c_id, c_name, c_data_type, c_unit, c_create_user, c_create_time, c_modify_user, c_modify_time, c_tag1, c_tag2, c_tag3, c_tag4) VALUES ('c_version1','RIIL产品版本', 'string', NULL, NULL, NULL, NULL, '2014-3-1 17:47:00', NULL, NULL, NULL, NULL);
INSERT INTO t_rptd_field_map (c_id, c_name, c_data_type, c_unit, c_create_user, c_create_time, c_modify_user, c_modify_time, c_tag1, c_tag2, c_tag3, c_tag4) VALUES ('c_version2','BMC产品版本', 'string', NULL, NULL, NULL, NULL, '2014-3-1 17:47:00', NULL, NULL, NULL, NULL);
INSERT INTO t_rptd_field_map (c_id, c_name, c_data_type, c_unit, c_create_user, c_create_time, c_modify_user, c_modify_time, c_tag1, c_tag2, c_tag3, c_tag4) VALUES ('c_is_develop','是否二次开发', 'boolean', NULL, NULL, NULL, NULL, '2014-3-1 17:47:00', NULL, NULL, NULL, NULL);
INSERT INTO t_rptd_field_map (c_id, c_name, c_data_type, c_unit, c_create_user, c_create_time, c_modify_user, c_modify_time, c_tag1, c_tag2, c_tag3, c_tag4) VALUES ('c_develop_info','二次开发内容', 'string', NULL, NULL, NULL, NULL, '2014-3-1 17:47:00', NULL, NULL, NULL, NULL);
INSERT INTO t_rptd_field_map (c_id, c_name, c_data_type, c_unit, c_create_user, c_create_time, c_modify_user, c_modify_time, c_tag1, c_tag2, c_tag3, c_tag4) VALUES ('c_itsm_level','客户运维水平', 'string', NULL, NULL, NULL, NULL, '2014-3-1 17:47:00', NULL, NULL, NULL, NULL);
INSERT INTO t_rptd_field_map (c_id, c_name, c_data_type, c_unit, c_create_user, c_create_time, c_modify_user, c_modify_time, c_tag1, c_tag2, c_tag3, c_tag4) VALUES ('c_itsm_number','运维人员数量', 'string', NULL, NULL, NULL, NULL, '2014-3-1 17:47:00', NULL, NULL, NULL, NULL);
INSERT INTO t_rptd_field_map (c_id, c_name, c_data_type, c_unit, c_create_user, c_create_time, c_modify_user, c_modify_time, c_tag1, c_tag2, c_tag3, c_tag4) VALUES ('c_itsm_mode','客户日常运维模式', 'string', NULL, NULL, NULL, NULL, '2014-3-1 17:47:00', NULL, NULL, NULL, NULL);
INSERT INTO t_rptd_field_map (c_id, c_name, c_data_type, c_unit, c_create_user, c_create_time, c_modify_user, c_modify_time, c_tag1, c_tag2, c_tag3, c_tag4) VALUES ('c_itsm_software','客户常用其它软件功能说明', 'string', NULL, NULL, NULL, NULL, '2014-3-1 17:47:00', NULL, NULL, NULL, NULL);
INSERT INTO t_rptd_field_map (c_id, c_name, c_data_type, c_unit, c_create_user, c_create_time, c_modify_user, c_modify_time, c_tag1, c_tag2, c_tag3, c_tag4) VALUES ('c_itsm_attachment','附件', 'string', NULL, NULL, NULL, NULL, '2014-3-1 17:47:00', NULL, NULL, NULL, NULL);
INSERT INTO t_rptd_field_map (c_id, c_name, c_data_type, c_unit, c_create_user, c_create_time, c_modify_user, c_modify_time, c_tag1, c_tag2, c_tag3, c_tag4) VALUES ('t_rpt_group','报表分组', 'string', NULL, NULL, NULL, NULL, '2014-3-1 17:47:00', NULL, NULL, NULL, NULL);
INSERT INTO t_rptd_field_map (c_id, c_name, c_data_type, c_unit, c_create_user, c_create_time, c_modify_user, c_modify_time, c_tag1, c_tag2, c_tag3, c_tag4) VALUES ('t_pm_day_off','休息日', 'string', NULL, NULL, NULL, NULL, '2014-3-1 17:47:00', NULL, NULL, NULL, NULL);
INSERT INTO t_rptd_field_map (c_id, c_name, c_data_type, c_unit, c_create_user, c_create_time, c_modify_user, c_modify_time, c_tag1, c_tag2, c_tag3, c_tag4) VALUES ('c_is_day_off','是否休息日', 'boolean', NULL, NULL, NULL, NULL, '2014-3-1 17:47:00', NULL, NULL, NULL, NULL);
INSERT INTO t_rptd_field_map (c_id, c_name, c_data_type, c_unit, c_create_user, c_create_time, c_modify_user, c_modify_time, c_tag1, c_tag2, c_tag3, c_tag4) VALUES ('t_rpt_def','报表定义', 'string', NULL, NULL, NULL, NULL, '2014-3-1 17:47:00', NULL, NULL, NULL, NULL);
INSERT INTO t_rptd_field_map (c_id, c_name, c_data_type, c_unit, c_create_user, c_create_time, c_modify_user, c_modify_time, c_tag1, c_tag2, c_tag3, c_tag4) VALUES ('c_name_en','英文名称', 'string', NULL, NULL, NULL, NULL, '2014-3-1 17:47:00', NULL, NULL, NULL, NULL);
INSERT INTO t_rptd_field_map (c_id, c_name, c_data_type, c_unit, c_create_user, c_create_time, c_modify_user, c_modify_time, c_tag1, c_tag2, c_tag3, c_tag4) VALUES ('c_display_type_id','展现类型', 'string', NULL, NULL, NULL, NULL, '2014-3-1 17:47:00', NULL, NULL, NULL, NULL);
INSERT INTO t_rptd_field_map (c_id, c_name, c_data_type, c_unit, c_create_user, c_create_time, c_modify_user, c_modify_time, c_tag1, c_tag2, c_tag3, c_tag4) VALUES ('c_chart_type','图类型', 'string', NULL, NULL, NULL, NULL, '2014-3-1 17:47:00', NULL, NULL, NULL, NULL);
INSERT INTO t_rptd_field_map (c_id, c_name, c_data_type, c_unit, c_create_user, c_create_time, c_modify_user, c_modify_time, c_tag1, c_tag2, c_tag3, c_tag4) VALUES ('c_chart_orientation','图方向，水平Horizontal，垂直Vertical', 'string', NULL, NULL, NULL, NULL, '2014-3-1 17:47:00', NULL, NULL, NULL, NULL);
INSERT INTO t_rptd_field_map (c_id, c_name, c_data_type, c_unit, c_create_user, c_create_time, c_modify_user, c_modify_time, c_tag1, c_tag2, c_tag3, c_tag4) VALUES ('c_sub_rpt_def_ids','子报表id', 'string', NULL, NULL, NULL, NULL, '2014-3-1 17:47:00', NULL, NULL, NULL, NULL);
INSERT INTO t_rptd_field_map (c_id, c_name, c_data_type, c_unit, c_create_user, c_create_time, c_modify_user, c_modify_time, c_tag1, c_tag2, c_tag3, c_tag4) VALUES ('c_help','帮助说明', 'string', NULL, NULL, NULL, NULL, '2014-3-1 17:47:00', NULL, NULL, NULL, NULL);
INSERT INTO t_rptd_field_map (c_id, c_name, c_data_type, c_unit, c_create_user, c_create_time, c_modify_user, c_modify_time, c_tag1, c_tag2, c_tag3, c_tag4) VALUES ('t_pm_module','RIIL模块', 'string', NULL, NULL, NULL, NULL, '2014-3-1 17:47:00', NULL, NULL, NULL, NULL);
INSERT INTO t_rptd_field_map (c_id, c_name, c_data_type, c_unit, c_create_user, c_create_time, c_modify_user, c_modify_time, c_tag1, c_tag2, c_tag3, c_tag4) VALUES ('t_blogd_module','模块', 'string', NULL, NULL, NULL, NULL, '2014-3-1 17:47:00', NULL, NULL, NULL, NULL);
INSERT INTO t_rptd_field_map (c_id, c_name, c_data_type, c_unit, c_create_user, c_create_time, c_modify_user, c_modify_time, c_tag1, c_tag2, c_tag3, c_tag4) VALUES ('t_rpt_period','报表参数', 'string', NULL, NULL, NULL, NULL, '2014-3-1 17:47:00', NULL, NULL, NULL, NULL);
INSERT INTO t_rptd_field_map (c_id, c_name, c_data_type, c_unit, c_create_user, c_create_time, c_modify_user, c_modify_time, c_tag1, c_tag2, c_tag3, c_tag4) VALUES ('c_def_period_id','定义周期', 'string', NULL, NULL, NULL, NULL, '2014-3-1 17:47:00', NULL, NULL, NULL, NULL);
INSERT INTO t_rptd_field_map (c_id, c_name, c_data_type, c_unit, c_create_user, c_create_time, c_modify_user, c_modify_time, c_tag1, c_tag2, c_tag3, c_tag4) VALUES ('t_rpt_param','报表参数', 'string', NULL, NULL, NULL, NULL, '2014-3-1 17:47:00', NULL, NULL, NULL, NULL);
INSERT INTO t_rptd_field_map (c_id, c_name, c_data_type, c_unit, c_create_user, c_create_time, c_modify_user, c_modify_time, c_tag1, c_tag2, c_tag3, c_tag4) VALUES ('c_def_param_id','参数定义', 'string', NULL, NULL, NULL, NULL, '2014-3-1 17:47:00', NULL, NULL, NULL, NULL);
INSERT INTO t_rptd_field_map (c_id, c_name, c_data_type, c_unit, c_create_user, c_create_time, c_modify_user, c_modify_time, c_tag1, c_tag2, c_tag3, c_tag4) VALUES ('c_value_id','参数值ID', 'string', NULL, NULL, NULL, NULL, '2014-3-1 17:47:00', NULL, NULL, NULL, NULL);
INSERT INTO t_rptd_field_map (c_id, c_name, c_data_type, c_unit, c_create_user, c_create_time, c_modify_user, c_modify_time, c_tag1, c_tag2, c_tag3, c_tag4) VALUES ('c_value_name','参数值名称', 'string', NULL, NULL, NULL, NULL, '2014-3-1 17:47:00', NULL, NULL, NULL, NULL);
INSERT INTO t_rptd_field_map (c_id, c_name, c_data_type, c_unit, c_create_user, c_create_time, c_modify_user, c_modify_time, c_tag1, c_tag2, c_tag3, c_tag4) VALUES ('c_value_info1','其他信息1', 'string', NULL, NULL, NULL, NULL, '2014-3-1 17:47:00', NULL, NULL, NULL, NULL);
INSERT INTO t_rptd_field_map (c_id, c_name, c_data_type, c_unit, c_create_user, c_create_time, c_modify_user, c_modify_time, c_tag1, c_tag2, c_tag3, c_tag4) VALUES ('c_value_info2','其他信息2', 'string', NULL, NULL, NULL, NULL, '2014-3-1 17:47:00', NULL, NULL, NULL, NULL);
INSERT INTO t_rptd_field_map (c_id, c_name, c_data_type, c_unit, c_create_user, c_create_time, c_modify_user, c_modify_time, c_tag1, c_tag2, c_tag3, c_tag4) VALUES ('c_value_info3','其他信息3', 'string', NULL, NULL, NULL, NULL, '2014-3-1 17:47:00', NULL, NULL, NULL, NULL);
INSERT INTO t_rptd_field_map (c_id, c_name, c_data_type, c_unit, c_create_user, c_create_time, c_modify_user, c_modify_time, c_tag1, c_tag2, c_tag3, c_tag4) VALUES ('c_value_info4','其他信息4', 'string', NULL, NULL, NULL, NULL, '2014-3-1 17:47:00', NULL, NULL, NULL, NULL);
